{
    "keyboard_name": "ErgoDashV99",
    "manufacturer": "Touchsensor",
    "url": "",
    "maintainer": "qmk",
    "usb": {
        "vid": "0xFEEE",
        "pid": "0x6060",
        "device_version": "1.0.0"
    },
    "layouts": {
        "LAYOUT_4key": {
            "layout": [
                {"y": 0.375, "x": 0.5, "label": "L00"},
                {"y": 0.375, "x": 1.5, "label": "L01"},
                {"y": 0.125, "x": 2.5, "label": "L02"},
                {"y": 0, "x": 3.5, "label": "L03"},
                {"y": 0.125, "x": 4.5, "label": "L04"},
                {"y": 0.25, "x": 5.5, "label": "L05"},
                {"y": 0.75, "x": 6.5, "label": "L06"},
                {"y": 0.75, "x": 12, "label": "R00"},
                {"y": 0.25, "x": 13, "label": "R01"},
                {"y": 0.125, "x": 14, "label": "R02"},
                {"y": 0, "x": 15, "label": "R03"},
                {"y": 0.125, "x": 16, "label": "R04"},
                {"y": 0.375, "x": 17, "label": "R05"},
                {"y": 0.375, "x": 18, "label": "R06"},
                {"y": 1.375, "x": 0.5, "label": "L10"},
                {"y": 1.375, "x": 1.5, "label": "L11"},
                {"y": 1.125, "x": 2.5, "label": "L12"},
                {"y": 1, "x": 3.5, "label": "L13"},
                {"y": 1.125, "x": 4.5, "label": "L14"},
                {"y": 1.25, "x": 5.5, "label": "L15"},
                {"y": 1.75, "x": 6.5, "label": "L16"},
                {"y": 1.75, "x": 12, "label": "R10"},
                {"y": 1.25, "x": 13, "label": "R11"},
                {"y": 1.125, "x": 14, "label": "R12"},
                {"y": 1, "x": 15, "label": "R13"},
                {"y": 1.125, "x": 16, "label": "R14"},
                {"y": 1.375, "x": 17, "label": "R15"},
                {"y": 1.375, "x": 18, "label": "R16"},
                {"y": 2.375, "x": 0.5, "label": "L20"},
                {"y": 2.375, "x": 1.5, "label": "L21"},
                {"y": 2.125, "x": 2.5, "label": "L22"},
                {"y": 2, "x": 3.5, "label": "L23"},
                {"y": 2.125, "x": 4.5, "label": "L24"},
                {"y": 2.25, "x": 5.5, "label": "L25"},
                {"y": 2.75, "x": 6.5, "label": "L26"},
                {"y": 2.75, "x": 12, "label": "R20"},
                {"y": 2.25, "x": 13, "label": "R21"},
                {"y": 2.125, "x": 14, "label": "R22"},
                {"y": 2, "x": 15, "label": "R23"},
                {"y": 2.125, "x": 16, "label": "R24"},
                {"y": 2.375, "x": 17, "label": "R25"},
                {"y": 2.375, "x": 18, "label": "R26"},
                {"y": 3.375, "x": 0.5, "label": "L30"},
                {"y": 3.375, "x": 1.5, "label": "L31"},
                {"y": 3.125, "x": 2.5, "label": "L32"},
                {"y": 3, "x": 3.5, "label": "L33"},
                {"y": 3.125, "x": 4.5, "label": "L34"},
                {"y": 3.25, "x": 5.5, "label": "L35"},
                {"y": 4, "x": 6.5, "label": "L36"},
                {"y": 4, "x": 12, "label": "R30"},
                {"y": 3.25, "x": 13, "label": "R31"},
                {"y": 3.125, "x": 14, "label": "R32"},
                {"y": 3, "x": 15, "label": "R33"},
                {"y": 3.125, "x": 16, "label": "R34"},
                {"y": 3.375, "x": 17, "label": "R35"},
                {"y": 3.375, "x": 18, "label": "R36"},
                {"y": 4.375, "x": 0.5, "label": "L40"},
                {"y": 4.375, "x": 1.5, "label": "L41"},
                {"y": 4.125, "x": 2.5, "label": "L42"},
                {"y": 4, "x": 3.5, "label": "L43"},
                {"y": 5, "x": 5.5, "label": "L44"},
                {"y": 5, "x": 6.5, "label": "L45"},
                {"h": 2, "y": 4, "x": 7.5, "label": "L46"},
                {"h": 2, "y": 4, "x": 11, "label": "R40"},
                {"y": 5, "x": 12, "label": "R41"},
                {"y": 5, "x": 13, "label": "R42"},
                {"y": 4, "x": 15, "label": "R43"},
                {"y": 4.125, "x": 16, "label": "R44"},
                {"y": 4.375, "x": 17, "label": "R45"},
                {"y": 4.375, "x": 18, "label": "R46"}]
        },
        "LAYOUT_4key_2u_inner": {
            "layout": [
                {"y": 0.375, "x": 0.5, "label": "L00"},
                {"y": 0.375, "x": 1.5, "label": "L01"},
                {"y": 0.125, "x": 2.5, "label": "L02"},
                {"y": 0, "x": 3.5, "label": "L03"},
                {"y": 0.125, "x": 4.5, "label": "L04"},
                {"y": 0.25, "x": 5.5, "label": "L05"},
                {"y": 0.75, "x": 6.5, "label": "L06"},
                {"y": 0.75, "x": 12, "label": "R00"},
                {"y": 0.25, "x": 13, "label": "R01"},
                {"y": 0.125, "x": 14, "label": "R02"},
                {"y": 0, "x": 15, "label": "R03"},
                {"y": 0.125, "x": 16, "label": "R04"},
                {"y": 0.375, "x": 17, "label": "R05"},
                {"y": 0.375, "x": 18, "label": "R06"},
                {"y": 1.375, "x": 0.5, "label": "L10"},
                {"y": 1.375, "x": 1.5, "label": "L11"},
                {"y": 1.125, "x": 2.5, "label": "L12"},
                {"y": 1, "x": 3.5, "label": "L13"},
                {"y": 1.125, "x": 4.5, "label": "L14"},
                {"y": 1.25, "x": 5.5, "label": "L15"},
                {"y": 1.75, "x": 6.5, "label": "L16"},
                {"y": 1.75, "x": 12, "label": "R10"},
                {"y": 1.25, "x": 13, "label": "R11"},
                {"y": 1.125, "x": 14, "label": "R12"},
                {"y": 1, "x": 15, "label": "R13"},
                {"y": 1.125, "x": 16, "label": "R14"},
                {"y": 1.375, "x": 17, "label": "R15"},
                {"y": 1.375, "x": 18, "label": "R16"},
                {"y": 2.375, "x": 0.5, "label": "L20"},
                {"y": 2.375, "x": 1.5, "label": "L21"},
                {"y": 2.125, "x": 2.5, "label": "L22"},
                {"y": 2, "x": 3.5, "label": "L23"},
                {"y": 2.125, "x": 4.5, "label": "L24"},
                {"y": 2.25, "x": 5.5, "label": "L25"},
                {"y": 2.75, "x": 6.5, "label": "L26"},
                {"y": 2.75, "x": 12, "label": "R20"},
                {"y": 2.25, "x": 13, "label": "R21"},
                {"y": 2.125, "x": 14, "label": "R22"},
                {"y": 2, "x": 15, "label": "R23"},
                {"y": 2.125, "x": 16, "label": "R24"},
                {"y": 2.375, "x": 17, "label": "R25"},
                {"y": 2.375, "x": 18, "label": "R26"},
                {"y": 3.375, "x": 0.5, "label": "L30"},
                {"y": 3.375, "x": 1.5, "label": "L31"},
                {"y": 3.125, "x": 2.5, "label": "L32"},
                {"y": 3, "x": 3.5, "label": "L33"},
                {"y": 3.125, "x": 4.5, "label": "L34"},
                {"y": 3.25, "x": 5.5, "label": "L35"},
                {"y": 4, "x": 7.5, "label": "L36"},
                {"y": 4, "x": 11, "label": "R30"},
                {"y": 3.25, "x": 13, "label": "R31"},
                {"y": 3.125, "x": 14, "label": "R32"},
                {"y": 3, "x": 15, "label": "R33"},
                {"y": 3.125, "x": 16, "label": "R34"},
                {"y": 3.375, "x": 17, "label": "R35"},
                {"y": 3.375, "x": 18, "label": "R36"},
                {"y": 4.375, "x": 0.5, "label": "L40"},
                {"y": 4.375, "x": 1.5, "label": "L41"},
                {"y": 4.125, "x": 2.5, "label": "L42"},
                {"y": 4, "x": 3.5, "label": "L43"},
                {"y": 5, "x": 5.5, "label": "L44"},
                {"h": 2, "y": 4, "x": 6.5, "label": "L45"},
                {"y": 5, "x": 7.5, "label": "L46"},
                {"y": 5, "x": 11, "label": "R40"},
                {"h": 2, "y": 4, "x": 12, "label": "R41"},
                {"y": 5, "x": 13, "label": "R42"},
                {"y": 4, "x": 15, "label": "R43"},
                {"y": 4.125, "x": 16, "label": "R44"},
                {"y": 4.375, "x": 17, "label": "R45"},
                {"y": 4.375, "x": 18, "label": "R46"}]
        },
        "LAYOUT_3key_2us": {
            "layout": [
                {"y": 0.375, "x": 0.5, "label": "L00"},
                {"y": 0.375, "x": 1.5, "label": "L01"},
                {"y": 0.125, "x": 2.5, "label": "L02"},
                {"y": 0, "x": 3.5, "label": "L03"},
                {"y": 0.125, "x": 4.5, "label": "L04"},
                {"y": 0.25, "x": 5.5, "label": "L05"},
                {"y": 0.75, "x": 6.5, "label": "L06"},
                {"y": 0.75, "x": 12, "label": "R00"},
                {"y": 0.25, "x": 13, "label": "R01"},
                {"y": 0.125, "x": 14, "label": "R02"},
                {"y": 0, "x": 15, "label": "R03"},
                {"y": 0.125, "x": 16, "label": "R04"},
                {"y": 0.375, "x": 17, "label": "R05"},
                {"y": 0.375, "x": 18, "label": "R06"},
                {"y": 1.375, "x": 0.5, "label": "L10"},
                {"y": 1.375, "x": 1.5, "label": "L11"},
                {"y": 1.125, "x": 2.5, "label": "L12"},
                {"y": 1, "x": 3.5, "label": "L13"},
                {"y": 1.125, "x": 4.5, "label": "L14"},
                {"y": 1.25, "x": 5.5, "label": "L15"},
                {"y": 1.75, "x": 6.5, "label": "L16"},
                {"y": 1.75, "x": 12, "label": "R10"},
                {"y": 1.25, "x": 13, "label": "R11"},
                {"y": 1.125, "x": 14, "label": "R12"},
                {"y": 1, "x": 15, "label": "R13"},
                {"y": 1.125, "x": 16, "label": "R14"},
                {"y": 1.375, "x": 17, "label": "R15"},
                {"y": 1.375, "x": 18, "label": "R16"},
                {"y": 2.375, "x": 0.5, "label": "L20"},
                {"y": 2.375, "x": 1.5, "label": "L21"},
                {"y": 2.125, "x": 2.5, "label": "L22"},
                {"y": 2, "x": 3.5, "label": "L23"},
                {"y": 2.125, "x": 4.5, "label": "L24"},
                {"y": 2.25, "x": 5.5, "label": "L25"},
                {"y": 2.75, "x": 6.5, "label": "L26"},
                {"y": 2.75, "x": 12, "label": "R20"},
                {"y": 2.25, "x": 13, "label": "R21"},
                {"y": 2.125, "x": 14, "label": "R22"},
                {"y": 2, "x": 15, "label": "R23"},
                {"y": 2.125, "x": 16, "label": "R24"},
                {"y": 2.375, "x": 17, "label": "R25"},
                {"y": 2.375, "x": 18, "label": "R26"},
                {"y": 3.375, "x": 0.5, "label": "L30"},
                {"y": 3.375, "x": 1.5, "label": "L31"},
                {"y": 3.125, "x": 2.5, "label": "L32"},
                {"y": 3, "x": 3.5, "label": "L33"},
                {"y": 3.125, "x": 4.5, "label": "L34"},
                {"y": 3.25, "x": 5.5, "label": "L35"},
                {"y": 3.25, "x": 13, "label": "R31"},
                {"y": 3.125, "x": 14, "label": "R32"},
                {"y": 3, "x": 15, "label": "R33"},
                {"y": 3.125, "x": 16, "label": "R34"},
                {"y": 3.375, "x": 17, "label": "R35"},
                {"y": 3.375, "x": 18, "label": "R36"},
                {"y": 4.375, "x": 0.5, "label": "L40"},
                {"y": 4.375, "x": 1.5, "label": "L41"},
                {"y": 4.125, "x": 2.5, "label": "L42"},
                {"y": 4, "x": 3.5, "label": "L43"},
                {"y": 5, "x": 5.5, "label": "L44"},
                {"h": 2, "y": 4, "x": 6.5, "label": "L45"},
                {"h": 2, "y": 4, "x": 7.5, "label": "L46"},
                {"h": 2, "y": 4, "x": 11, "label": "R40"},
                {"h": 2, "y": 4, "x": 12, "label": "R41"},
                {"y": 5, "x": 13, "label": "R42"},
                {"y": 4, "x": 15, "label": "R43"},
                {"y": 4.125, "x": 16, "label": "R44"},
                {"y": 4.375, "x": 17, "label": "R45"},
                {"y": 4.375, "x": 18, "label": "R46"}]
        },
        "LAYOUT_3key_1us": {
            "layout": [
                {"y": 0.375, "x": 0.5, "label": "L00"},
                {"y": 0.375, "x": 1.5, "label": "L01"},
                {"y": 0.125, "x": 2.5, "label": "L02"},
                {"y": 0, "x": 3.5, "label": "L03"},
                {"y": 0.125, "x": 4.5, "label": "L04"},
                {"y": 0.25, "x": 5.5, "label": "L05"},
                {"y": 0.75, "x": 6.5, "label": "L06"},
                {"y": 0.75, "x": 12, "label": "R00"},
                {"y": 0.25, "x": 13, "label": "R01"},
                {"y": 0.125, "x": 14, "label": "R02"},
                {"y": 0, "x": 15, "label": "R03"},
                {"y": 0.125, "x": 16, "label": "R04"},
                {"y": 0.375, "x": 17, "label": "R05"},
                {"y": 0.375, "x": 18, "label": "R06"},
                {"y": 1.375, "x": 0.5, "label": "L10"},
                {"y": 1.375, "x": 1.5, "label": "L11"},
                {"y": 1.125, "x": 2.5, "label": "L12"},
                {"y": 1, "x": 3.5, "label": "L13"},
                {"y": 1.125, "x": 4.5, "label": "L14"},
                {"y": 1.25, "x": 5.5, "label": "L15"},
                {"y": 1.75, "x": 6.5, "label": "L16"},
                {"y": 1.75, "x": 12, "label": "R10"},
                {"y": 1.25, "x": 13, "label": "R11"},
                {"y": 1.125, "x": 14, "label": "R12"},
                {"y": 1, "x": 15, "label": "R13"},
                {"y": 1.125, "x": 16, "label": "R14"},
                {"y": 1.375, "x": 17, "label": "R15"},
                {"y": 1.375, "x": 18, "label": "R16"},
                {"y": 2.375, "x": 0.5, "label": "L20"},
                {"y": 2.375, "x": 1.5, "label": "L21"},
                {"y": 2.125, "x": 2.5, "label": "L22"},
                {"y": 2, "x": 3.5, "label": "L23"},
                {"y": 2.125, "x": 4.5, "label": "L24"},
                {"y": 2.25, "x": 5.5, "label": "L25"},
                {"y": 2.75, "x": 6.5, "label": "L26"},
                {"y": 2.75, "x": 12, "label": "R20"},
                {"y": 2.25, "x": 13, "label": "R21"},
                {"y": 2.125, "x": 14, "label": "R22"},
                {"y": 2, "x": 15, "label": "R23"},
                {"y": 2.125, "x": 16, "label": "R24"},
                {"y": 2.375, "x": 17, "label": "R25"},
                {"y": 2.375, "x": 18, "label": "R26"},
                {"y": 3.375, "x": 0.5, "label": "L30"},
                {"y": 3.375, "x": 1.5, "label": "L31"},
                {"y": 3.125, "x": 2.5, "label": "L32"},
                {"y": 3, "x": 3.5, "label": "L33"},
                {"y": 3.125, "x": 4.5, "label": "L34"},
                {"y": 3.25, "x": 5.5, "label": "L35"},
                {"y": 4, "x": 6.5, "label": "L36"},
                {"y": 4, "x": 12, "label": "R30"},
                {"y": 3.25, "x": 13, "label": "R31"},
                {"y": 3.125, "x": 14, "label": "R32"},
                {"y": 3, "x": 15, "label": "R33"},
                {"y": 3.125, "x": 16, "label": "R34"},
                {"y": 3.375, "x": 17, "label": "R35"},
                {"y": 3.375, "x": 18, "label": "R36"},
                {"y": 4.375, "x": 0.5, "label": "L40"},
                {"y": 4.375, "x": 1.5, "label": "L41"},
                {"y": 4.125, "x": 2.5, "label": "L42"},
                {"y": 4, "x": 3.5, "label": "L43"},
                {"y": 5, "x": 5.5, "label": "L44"},
                {"y": 5, "x": 6.5, "label": "L45"},
                {"y": 5, "x": 12, "label": "R41"},
                {"y": 5, "x": 13, "label": "R42"},
                {"y": 4, "x": 15, "label": "R43"},
                {"y": 4.125, "x": 16, "label": "R44"},
                {"y": 4.375, "x": 17, "label": "R45"},
                {"y": 4.375, "x": 18, "label": "R46"}]
        },
        "LAYOUT_2key": {
            "layout": [
                {"y": 0.375, "x": 0.5, "label": "L00"},
                {"y": 0.375, "x": 1.5, "label": "L01"},
                {"y": 0.125, "x": 2.5, "label": "L02"},
                {"y": 0, "x": 3.5, "label": "L03"},
                {"y": 0.125, "x": 4.5, "label": "L04"},
                {"y": 0.25, "x": 5.5, "label": "L05"},
                {"y": 0.75, "x": 6.5, "label": "L06"},
                {"y": 0.75, "x": 12, "label": "R00"},
                {"y": 0.25, "x": 13, "label": "R01"},
                {"y": 0.125, "x": 14, "label": "R02"},
                {"y": 0, "x": 15, "label": "R03"},
                {"y": 0.125, "x": 16, "label": "R04"},
                {"y": 0.375, "x": 17, "label": "R05"},
                {"y": 0.375, "x": 18, "label": "R06"},
                {"y": 1.375, "x": 0.5, "label": "L10"},
                {"y": 1.375, "x": 1.5, "label": "L11"},
                {"y": 1.125, "x": 2.5, "label": "L12"},
                {"y": 1, "x": 3.5, "label": "L13"},
                {"y": 1.125, "x": 4.5, "label": "L14"},
                {"y": 1.25, "x": 5.5, "label": "L15"},
                {"y": 1.75, "x": 6.5, "label": "L16"},
                {"y": 1.75, "x": 12, "label": "R10"},
                {"y": 1.25, "x": 13, "label": "R11"},
                {"y": 1.125, "x": 14, "label": "R12"},
                {"y": 1, "x": 15, "label": "R13"},
                {"y": 1.125, "x": 16, "label": "R14"},
                {"y": 1.375, "x": 17, "label": "R15"},
                {"y": 1.375, "x": 18, "label": "R16"},
                {"y": 2.375, "x": 0.5, "label": "L20"},
                {"y": 2.375, "x": 1.5, "label": "L21"},
                {"y": 2.125, "x": 2.5, "label": "L22"},
                {"y": 2, "x": 3.5, "label": "L23"},
                {"y": 2.125, "x": 4.5, "label": "L24"},
                {"y": 2.25, "x": 5.5, "label": "L25"},
                {"y": 2.75, "x": 6.5, "label": "L26"},
                {"y": 2.75, "x": 12, "label": "R20"},
                {"y": 2.25, "x": 13, "label": "R21"},
                {"y": 2.125, "x": 14, "label": "R22"},
                {"y": 2, "x": 15, "label": "R23"},
                {"y": 2.125, "x": 16, "label": "R24"},
                {"y": 2.375, "x": 17, "label": "R25"},
                {"y": 2.375, "x": 18, "label": "R26"},
                {"y": 3.375, "x": 0.5, "label": "L30"},
                {"y": 3.375, "x": 1.5, "label": "L31"},
                {"y": 3.125, "x": 2.5, "label": "L32"},
                {"y": 3, "x": 3.5, "label": "L33"},
                {"y": 3.125, "x": 4.5, "label": "L34"},
                {"y": 3.25, "x": 5.5, "label": "L35"},
                {"y": 3.25, "x": 13, "label": "R31"},
                {"y": 3.125, "x": 14, "label": "R32"},
                {"y": 3, "x": 15, "label": "R33"},
                {"y": 3.125, "x": 16, "label": "R34"},
                {"y": 3.375, "x": 17, "label": "R35"},
                {"y": 3.375, "x": 18, "label": "R36"},
                {"y": 4.375, "x": 0.5, "label": "L40"},
                {"y": 4.375, "x": 1.5, "label": "L41"},
                {"y": 4.125, "x": 2.5, "label": "L42"},
                {"y": 4, "x": 3.5, "label": "L43"},
                {"y": 5, "x": 5.5, "label": "L44"},
                {"h": 2, "y": 4, "x": 6.5, "label": "L45"},
                {"h": 2, "y": 4, "x": 12, "label": "R41"},
                {"y": 5, "x": 13, "label": "R42"},
                {"y": 4, "x": 15, "label": "R43"},
                {"y": 4.125, "x": 16, "label": "R44"},
                {"y": 4.375, "x": 17, "label": "R45"},
                {"y": 4.375, "x": 18, "label": "R46"}]
        }
    }
}
